{
    "modules": [
        {"name": "network-main", "type": "autostart"},
        {"name": "$_bridge", "type": "autostart"},

        {"name": "emulation", "type": "autostart"},
        {"name": "mobile_throttling", "type": "autostart"},
        {"name": "browser_debugger"},
        {"name": "cookie_table"},
        {"name": "har_importer"},
        {"name": "layer_viewer"},
        {"name": "persistence", "type": "autostart"},
        {"name": "data_grid"},
        {"name": "browser_sdk", "type": "autostart"},
        {"name": "perf_ui"},
        {"name": "common", "type": "autostart"},
        {"name": "ui", "type": "autostart"},
        {"name": "main-for-network-standalone", "type": "autostart"},
        {"name": "search"},
        {"name": "network-standalone"},

        {"name": "bindings", "type": "autostart"},
        {"name": "components", "type": "autostart"},
        {"name": "console_counters", "type": "autostart"},
        {"name": "console"},
        {"name": "dom_extension", "type": "autostart"},
        {"name": "extensions", "type": "autostart"},
        {"name": "host", "type": "autostart"},
        {"name": "platform", "type": "autostart"},
        {"name": "protocol", "type": "autostart"},
        {"name": "sdk", "type": "autostart"},
        {"name": "services", "type": "autostart"},
        {"name": "text_utils", "type": "autostart"},
        {"name": "workspace", "type": "autostart"},

        {"name": "changes"},
        {"name": "cm"},
        {"name": "cm_modes"},
        {"name": "cm_web_modes"},
        {"name": "diff"},
        {"name": "formatter"},
        {"name": "inline_editor"},
        {"name": "javascript_metadata"},
        {"name": "object_ui"},
        {"name": "quick_open"},
        {"name": "snippets"},
        {"name": "source_frame"},
        {"name": "sources"},
        {"name": "text_editor"},
        {"name": "workspace_diff"},
        {"name": "input"}
    ],
    "has_html": true
}
