{
    "modules": [
        {"name": "bindings", "type": "autostart"},
        {"name": "common", "type": "autostart"},
        {"name": "components", "type": "autostart"},
        {"name": "console_counters", "type": "autostart"},
        {"name": "dom_extension", "type": "autostart"},
        {"name": "extensions", "type": "autostart"},
        {"name": "host", "type": "autostart"},
        {"name": "main", "type": "autostart"},
        {"name": "persistence", "type": "autostart"},
        {"name": "platform", "type": "autostart"},
        {"name": "protocol", "type": "autostart"},
        {"name": "sdk", "type": "autostart"},
        {"name": "browser_sdk", "type": "autostart"},
        {"name": "services", "type": "autostart"},
        {"name": "text_utils", "type": "autostart"},
        {"name": "ui", "type": "autostart"},
        {"name": "workspace", "type": "autostart"},

        {"name": "changes"},
        {"name": "cm"},
        {"name": "cm_modes"},
        {"name": "cm_web_modes"},
        {"name": "color_picker"},
        {"name": "console"},
        {"name": "coverage"},
        {"name": "data_grid"},
        {"name": "diff"},
        {"name": "event_listeners"},
        {"name": "formatter"},
        {"name": "heap_snapshot_model"},
        {"name": "inline_editor"},
        {"name": "javascript_metadata"},
        {"name": "object_ui"},
        {"name": "perf_ui"},
        {"name": "quick_open"},
        {"name": "search"},
        {"name": "snippets"},
        {"name": "source_frame"},
        {"name": "sources"},
        {"name": "text_editor"},
        {"name": "workspace_diff"},
        {"name": "input"}
    ]
}
