[
  {
    "id": "1728982436103",
    "content": " cf() { curl 'https://www.commandlinefu.com/commands/togglefavourite'  -H 'Cookie: _ga=GA1.2.898916099.1726720470; PHPSESSID=0i4no8f77ldidjdccgnmr7mo13; _gid=GA1.2.1241127667.1728880884; remember=AeW8%2FNadWsMtSnSY%2FXQUaWGb3JanhIVVUlCi2eJkCD5x62Z%2BM4glrl3WoEecR%2BFCBZ7zY%2FJmuUCWjQjFUVgB%2Bw%3D%3D; __gads=ID=f193cd5eb4c7d2c0:T=1726720467:RT=1728902545:S=ALNI_MZONJf-4rKyIRuOh95NT0hlm_JX_A; __gpi=UID=00000ef2503b6142:T=1726720467:RT=1728902545:S=ALNI_Mbs6CsGlGmTcVLy1Uec08y9oYZNxg; __eoi=ID=6101c73cb9125e4e:T=1726720467:RT=1728902545:S=AA-AfjbVJDsU2KSNjBUqcn_CrqKN; ci_session=a%3A6%3A%7Bs%3A10%3A%22session_id%22%3Bs%3A32%3A%22b94e2cbb35e3057e23f6f2d7f8ebfa73%22%3Bs%3A10%3A%22ip_address%22%3Bs%3A9%3A%2210.0.0.71%22%3Bs%3A10%3A%22user_agent%22%3Bs%3A50%3A%22Mozilla%2F5.0+%28Windows+NT+10.0%3B+Win64%3B+x64%29+AppleWeb%22%3Bs%3A13%3A%22last_activity%22%3Bs%3A10%3A%221728902757%22%3Bs%3A9%3A%22signed-in%22%3Bs%3A1%3A%221%22%3Bs%3A7%3A%22user-id%22%3Bs%3A6%3A%22103501%22%3B%7D0db71a23d15bdaad1d7035c8476fe1b5' -v  --data-raw 'id='$1'&_=' ; }\n",
    "timestamp": "2024-10-15T08:53:56.103Z"
  },
  {
    "id": "1728959335571",
    "content": "'https://www.commandlinefu.com/commands/togglefavourite'\n-H 'Accept: text/javascript, text/html, application/xml, text/xml, /'\n-H 'Accept-Language: en-US,en;q=0.9,zh-CN;q=0.8,zh;q=0.7'\n-H 'Cache-Control: no-cache'\n-H 'Connection: keep-alive'\n-H 'Content-type: application/x-www-form-urlencoded; charset=UTF-8'\n-H 'Cookie: _ga=GA1.2.898916099.1726720470; PHPSESSID=0i4no8f77ldidjdccgnmr7mo13; gid=GA1.2.1241127667.1728880884; remember=AeW8%2FNadWsMtSnSY%2FXQUaWGb3JanhIVVUlCi2eJkCD5x62Z%2BM4glrl3WoEecR%2BFCBZ7zY%2FJmuUCWjQjFUVgB%2Bw%3D%3D; __gads=ID=f193cd5eb4c7d2c0:T=1726720467:RT=1728902545:S=ALNI_MZONJf-4rKyIRuOh95NT0hlm_JX_A; __gpi=UID=00000ef2503b6142:T=1726720467:RT=1728902545:S=ALNI_Mbs6CsGlGmTcVLy1Uec08y9oYZNxg; __eoi=ID=6101c73cb9125e4e:T=1726720467:RT=1728902545:S=AA-AfjbVJDsU2KSNjBUqcn_CrqKN; ci_session=a%3A6%3A%7Bs%3A10%3A%22session_id%22%3Bs%3A32%3A%22b94e2cbb35e3057e23f6f2d7f8ebfa73%22%3Bs%3A10%3A%22ip_address%22%3Bs%3A9%3A%2210.0.0.71%22%3Bs%3A10%3A%22user_agent%22%3Bs%3A50%3A%22Mozilla%2F5.0+%28Windows+NT+10.0%3B+Win64%3B+x64%29+AppleWeb%22%3Bs%3A13%3A%22last_activity%22%3Bs%3A10%3A%221728902757%22%3Bs%3A9%3A%22signed-in%22%3Bs%3A1%3A%221%22%3Bs%3A7%3A%22user-id%22%3Bs%3A6%3A%22103501%22%3B%7D0db71a23d15bdaad1d7035c8476fe1b5'\n-H 'Origin: https://www.commandlinefu.com'\n-H 'Pragma: no-cache'\n-H 'Referer: https://www.commandlinefu.com/commands/view/5328/list-complete-size-of-directories-do-not-consider-hidden-directories'\n-H 'Sec-Fetch-Dest: empty'\n-H 'Sec-Fetch-Mode: cors'\n-H 'Sec-Fetch-Site: same-origin'\n-H 'User-Agent: Mozilla/5.0 (Windows NT 10.0; Win64; x64) AppleWebKit/537.36 (KHTML, like Gecko) Chrome/129.0.0.0 Safari/537.36 Edg/129.0.0.0'\n-H 'X-Prototype-Version: 1.6.0.3'\n-H 'X-Requested-With: XMLHttpRequest'\n-H 'sec-ch-ua: \"Microsoft Edge\";v=\"129\", \"Not=A?Brand\";v=\"8\", \"Chromium\";v=\"129\"'\n-H 'sec-ch-ua-mobile: ?0'\n-H 'sec-ch-ua-platform: \"Windows\"'\n--data-raw 'id=5326&='\n\ncurl 'https://www.commandlinefu.com/commands/togglefavourite'  -H 'Cookie: _ga=GA1.2.898916099.1726720470; PHPSESSID=0i4no8f77ldidjdccgnmr7mo13; _gid=GA1.2.1241127667.1728880884; remember=AeW8%2FNadWsMtSnSY%2FXQUaWGb3JanhIVVUlCi2eJkCD5x62Z%2BM4glrl3WoEecR%2BFCBZ7zY%2FJmuUCWjQjFUVgB%2Bw%3D%3D; __gads=ID=f193cd5eb4c7d2c0:T=1726720467:RT=1728902545:S=ALNI_MZONJf-4rKyIRuOh95NT0hlm_JX_A; __gpi=UID=00000ef2503b6142:T=1726720467:RT=1728902545:S=ALNI_Mbs6CsGlGmTcVLy1Uec08y9oYZNxg; __eoi=ID=6101c73cb9125e4e:T=1726720467:RT=1728902545:S=AA-AfjbVJDsU2KSNjBUqcn_CrqKN; ci_session=a%3A6%3A%7Bs%3A10%3A%22session_id%22%3Bs%3A32%3A%22b94e2cbb35e3057e23f6f2d7f8ebfa73%22%3Bs%3A10%3A%22ip_address%22%3Bs%3A9%3A%2210.0.0.71%22%3Bs%3A10%3A%22user_agent%22%3Bs%3A50%3A%22Mozilla%2F5.0+%28Windows+NT+10.0%3B+Win64%3B+x64%29+AppleWeb%22%3Bs%3A13%3A%22last_activity%22%3Bs%3A10%3A%221728902757%22%3Bs%3A9%3A%22signed-in%22%3Bs%3A1%3A%221%22%3Bs%3A7%3A%22user-id%22%3Bs%3A6%3A%22103501%22%3B%7D0db71a23d15bdaad1d7035c8476fe1b5' -v  --data-raw 'id=5329&_='\n",
    "timestamp": "2024-10-15T02:28:55.571Z"
  },
  {
    "id": "1728959233520",
    "content": "curl 'https://www.commandlinefu.com/commands/togglefavourite'  -H 'Cookie: _ga=GA1.2.898916099.1726720470; PHPSESSID=0i4no8f77ldidjdccgnmr7mo13; _gid=GA1.2.1241127667.1728880884; remember=AeW8%2FNadWsMtSnSY%2FXQUaWGb3JanhIVVUlCi2eJkCD5x62Z%2BM4glrl3WoEecR%2BFCBZ7zY%2FJmuUCWjQjFUVgB%2Bw%3D%3D; __gads=ID=f193cd5eb4c7d2c0:T=1726720467:RT=1728902545:S=ALNI_MZONJf-4rKyIRuOh95NT0hlm_JX_A; __gpi=UID=00000ef2503b6142:T=1726720467:RT=1728902545:S=ALNI_Mbs6CsGlGmTcVLy1Uec08y9oYZNxg; __eoi=ID=6101c73cb9125e4e:T=1726720467:RT=1728902545:S=AA-AfjbVJDsU2KSNjBUqcn_CrqKN; ci_session=a%3A6%3A%7Bs%3A10%3A%22session_id%22%3Bs%3A32%3A%22b94e2cbb35e3057e23f6f2d7f8ebfa73%22%3Bs%3A10%3A%22ip_address%22%3Bs%3A9%3A%2210.0.0.71%22%3Bs%3A10%3A%22user_agent%22%3Bs%3A50%3A%22Mozilla%2F5.0+%28Windows+NT+10.0%3B+Win64%3B+x64%29+AppleWeb%22%3Bs%3A13%3A%22last_activity%22%3Bs%3A10%3A%221728902757%22%3Bs%3A9%3A%22signed-in%22%3Bs%3A1%3A%221%22%3Bs%3A7%3A%22user-id%22%3Bs%3A6%3A%22103501%22%3B%7D0db71a23d15bdaad1d7035c8476fe1b5' -v  --data-raw 'id=5329&_='\n",
    "timestamp": "2024-10-15T02:27:13.520Z"
  },
  {
    "id": "1728533705861",
    "content": "https://tinymind.me/editor?type=thought&id=1728533705861\nhttps://beej.us/guide/\nhttps://github.com/wardmon/tinymind-blog/archive/refs/heads/main.zip\nhttps://nekonull.me/posts/llm_x_bookmark/\nhttps://github.com/wardmon/osmosmemod/raw/refs/heads/main/README.md\nhttps://oneimgai.com/#1\nfre321.com/DATA/AppData/jackett/config\nwardmon.github.io/jupyterlite\nwww.noteshub.app/notebooks/github/wardmon%2Fnotehubdemo/%2F/1111111.md\nh https://sshwifty-demo.nirui.org/\nh\nh\nhj\nhj\nh\nh\n\n\n\n\nh\ncurl 'https://www.commandlinefu.com/commands/togglefavourite'  -H 'Cookie: _ga=GA1.2.898916099.1726720470; PHPSESSID=0i4no8f77ldidjdccgnmr7mo13; _gid=GA1.2.1241127667.1728880884; remember=AeW8%2FNadWsMtSnSY%2FXQUaWGb3JanhIVVUlCi2eJkCD5x62Z%2BM4glrl3WoEecR%2BFCBZ7zY%2FJmuUCWjQjFUVgB%2Bw%3D%3D; __gads=ID=f193cd5eb4c7d2c0:T=1726720467:RT=1728902545:S=ALNI_MZONJf-4rKyIRuOh95NT0hlm_JX_A; __gpi=UID=00000ef2503b6142:T=1726720467:RT=1728902545:S=ALNI_Mbs6CsGlGmTcVLy1Uec08y9oYZNxg; __eoi=ID=6101c73cb9125e4e:T=1726720467:RT=1728902545:S=AA-AfjbVJDsU2KSNjBUqcn_CrqKN; ci_session=a%3A6%3A%7Bs%3A10%3A%22session_id%22%3Bs%3A32%3A%22b94e2cbb35e3057e23f6f2d7f8ebfa73%22%3Bs%3A10%3A%22ip_address%22%3Bs%3A9%3A%2210.0.0.71%22%3Bs%3A10%3A%22user_agent%22%3Bs%3A50%3A%22Mozilla%2F5.0+%28Windows+NT+10.0%3B+Win64%3B+x64%29+AppleWeb%22%3Bs%3A13%3A%22last_activity%22%3Bs%3A10%3A%221728902757%22%3Bs%3A9%3A%22signed-in%22%3Bs%3A1%3A%221%22%3Bs%3A7%3A%22user-id%22%3Bs%3A6%3A%22103501%22%3B%7D0db71a23d15bdaad1d7035c8476fe1b5' -v  --data-raw 'id=5329&_='\nh\n python copyparty-sfx.py -a wd:ubuntu -v .::r:rw,wd\nh\nh\nh\nh\nontouchdo(){ while :; do a=$(stat -c%Y \"$1\"); [ \"$b\" != \"$a\" ] && b=\"$a\" && sh -c \"$2\"; sleep 1; done }\n\ncat <<.>> demo.txt\nsed -i '1s/^/text to prepend\\n/' file1\necho \"text to prepend\" | cat - file\nRecover a deleted file\ngrep -a -B 25 -A 100 'some string in the file' /dev/sda1 > results.txt\nh\necho \"this is a test\" | sed 's/.*/\\L&/; s/[a-z]*/\\u&/g'\nh\nhttps://kkgithub.com/screego/server\nhttps://app.screego.net/?room=loving-scarlet-koala\nhttps://vdaily.huguotao.com/weekly/atom.xml\nhttps://github.com/headllines/hackernews-weekly/issues\nhttps://nothing.mvze.net/\nhttps://james2doyle.github.io/simplebinder/\nhttps://github.com/voronianski/esnextbin\nhttps://wzrd.in/\nhttps://esnextb.in/?gist=b7e541a42c7c1218cad6\n\n\n\n\n\nawk 'BEGIN {for(i=1;i<=100;i++)sum+=i}; END {print sum}' /dev/null\nfor i in *; do mv $i prependtext$i; done\n\n echo 'aaaaaaa' | awk '{print toupper(substr($0,1,1))substr($0,2);}'\n\n\nabout:blank\n\njavascript:{let s=document.createElement('script');s.src=prompt('Script location:');document.body.appendChild(s);}void(0);\n\njavascript:{let s=document.createElement('script');s.type='text/javascript';s.textContent=prompt('injectandrun:js,function:');document.body.appendChild(s);}void(0);\n\n  <meta http-equiv=\"Refresh\" content=\"5;url=https://tinymind.me/editor?type=thought&id=1728533705861\" />\n\n        <script language=\"JavaScript\">\nfunction myrefresh()\n{\nwindow.location.reload();\n   window.location =\"https://tinymind.me/editor?type=thought&id=1728533705861\"\n}\nsetTimeout('myrefresh()',1000); //指定1秒刷新一次\n</script>\n\n\n\n\n\n\n\n\n\n\n",
    "timestamp": "2024-10-10T04:15:05.861Z"
  },
  {
    "id": "1728531938498",
    "content": "222222222222222",
    "timestamp": "2024-10-10T03:45:38.498Z"
  },
  {
    "id": "1728531839009",
    "content": "11111111111111111",
    "timestamp": "2024-10-10T03:43:59.009Z"
  }
]